est_mean,est_lower,est_upper,est_base
0.13236340279557235,-0.12288172725829397,0.3294674004001053,-0.15189141519171154
